"","rowname","error"
"1","ErrorMessage"," オブジェクト '.Generic' がありません "
"2","ErrorType","error"
"3","ErrorMessage2"," '...' が不適切な文脈で使われました "
"4","ErrorMessage8"," 引数 ""object"" がありませんし、省略時既定値もありません "
"5","ErrorMessage9"," 'origin' を指定しなければなりません "
"6","ErrorMessage13"," 'object' からクラス “POSIXct” へ変換は定義されていません "
"7","ErrorMessage14"," 文字列は標準的な曖昧さのない書式にはなっていません "
"8","ErrorMessage22"," 未定義の列が選ばれました "
"9","ErrorMessage25","$ operator is invalid for atomic vectors"
"10","ErrorMessage26"," 'path' 引数が不正です "
"11","ErrorMessage32"," 'object' はクラス “table” を継承しなければなりません "
"12","ErrorMessage38"," 引数 ""expr"" がありませんし、省略時既定値もありません "
"13","ErrorMessage46"," 引数 ""x"" がありませんし、省略時既定値もありません "
"14","ErrorMessage47"," 'x' に無限値か欠測値があります "
"15","ErrorMessage50","the LINPACK argument has been defunct since R 3.1.0"
"16","ErrorMessage61"," 引数 ""MARGIN"" がありませんし、省略時既定値もありません "
"17","ErrorMessage62"," 引数 ""STATS"" がありませんし、省略時既定値もありません "
"18","ErrorMessage63"," STATS は 'dim(x)[MARGIN]' の大きさより長いです "
"19","ErrorType63","warning"
"20","ErrorMessage64"," 変数 'x' （モード 'function'）は見つかりません "
"21","ErrorMessage68"," 引数が論理変数として解釈することができません "
"22","ErrorMessage73","'x' must have named dimnames"
"23","ErrorMessage76"," 使われた引数名 'expr' が 'EXPR' と一致しません "
"24","ErrorMessage77"," 引数がありませんし、省略時既定値もありません "
"25","ErrorMessage78"," EXPR は長さ 1 のベクトルでなければなりません "
"26","ErrorMessage80","'switch' with no alternatives"
"27","ErrorMessage81"," 'which' 引数が不正です "
"28","ErrorMessage82"," 強制変換により NA が生成されました "
"29","ErrorMessage83"," 使われていない引数 (x) "
"30","ErrorMessage84"," 使われていない引数 (df) "
"31","ErrorMessage85"," 使われていない引数 (""df"") "
"32","ErrorMessage86"," 使われていない引数 (alist(file = )) "
"33","ErrorMessage87"," 使われていない引数 (file = x) "
"34","ErrorMessage94"," 使われていない引数 (file = df) "
"35","ErrorMessage95"," 使われていない引数 (file = ""df"") "
"36","ErrorMessage104"," 'which' の値が不正です "
"37","c(""ErrorMessage"", ""ErrorType"", ""ErrorMessage1"", ""ErrorType1"", ""ErrorMessage2"", ""ErrorType2"", ""ErrorMessage3"", ""ErrorType3"", ""ErrorMessage4"", ""ErrorType4"", ""ErrorMessage5"", ""ErrorType5"", ""ErrorMessage6"", ""ErrorType6"", ""ErrorMessage7"", ""ErrorType7"", ""ErrorMessage8"", ""ErrorType8"", ""ErrorMessage9"", ""ErrorType9"", ""ErrorMessage10"", ""ErrorType10"", ""ErrorMessage11"", ""ErrorType11"", ""ErrorMessage12"", ""ErrorType12"", ""ErrorMessage13"", ""ErrorType13"", ""ErrorMessage14"", ""ErrorType14"", ""ErrorMessage15"", ""ErrorType15"", 
""ErrorMessage16"", ""ErrorType16"", ""ErrorMessage17"", ""ErrorType17"", ""ErrorMessage18"", ""ErrorType18"", ""ErrorMessage19"", ""ErrorType19"", ""ErrorMessage20"", ""ErrorType20"", ""ErrorMessage21"", ""ErrorType21"", ""user"", ""system"", ""elapsed"", ""ErrorMessage22"", ""ErrorType22"", ""ErrorMessage23"", ""ErrorType23"", ""ErrorMessage24"", ""ErrorType24"", ""ErrorMessage25"", ""ErrorType25"", ""ErrorMessage26"", ""ErrorType26"", ""ErrorMessage27"", ""ErrorType27"", ""ErrorMessage28"", ""ErrorType28"", ""ErrorMessage29"", ""ErrorType29"", ""1"", ""2"", 
""3"", ""4"", ""5"", ""6"", ""11"", ""21"", ""31"", ""41"", ""51"", ""61"", ""12"", ""22"", ""32"", ""42"", ""52"", ""62"", ""13"", ""23"", ""33"", ""43"", ""53"", ""63"", ""x1"", ""x2"", ""x3"", ""x4"", ""x5"", ""x6"", ""x7"", ""x8"", ""x9"", ""x10"", ""y1"", ""y2"", ""y3"", ""y4"", ""y5"", ""y6"", ""y7"", ""y8"", ""y9"", ""y10"", ""ErrorMessage30"", ""ErrorType30"", ""ErrorMessage31"", ""ErrorType31"", ""ErrorMessage32"", ""ErrorType32"", ""ErrorMessage33"", ""ErrorType33"", ""ErrorMessage34"", ""ErrorType34"", ""ErrorMessage35"", ""ErrorType35"", ""ErrorMessage36"", ""ErrorType36"", ""ErrorMessage37"", ""ErrorType37"", 
""ErrorMessage38"", ""ErrorType38"", ""ErrorMessage39"", ""ErrorType39"", ""14"", ""24"", ""34"", ""44"", ""54"", ""64"", ""15"", ""25"", ""35"", ""45"", ""55"", ""65"", ""16"", ""26"", ""36"", ""46"", ""56"", ""66"", ""17"", ""27"", ""37"", ""47"", ""57"", ""67"", ""ErrorMessage40"", ""ErrorType40"", ""18"", ""28"", ""38"", ""48"", ""58"", ""68"", ""ErrorMessage41"", ""ErrorType41"", ""ErrorMessage42"", ""ErrorType42"", ""19"", ""29"", ""39"", ""49"", ""59"", ""69"", ""110"", ""210"", ""310"", ""410"", ""510"", ""610"", ""111"", ""211"", ""311"", ""411"", ""511"", ""611"", ""112"", ""212"", ""312"", ""412"", ""512"", ""612"", 
""ErrorMessage43"", ""ErrorType43"", ""ErrorMessage44"", ""ErrorType44"", ""113"", ""213"", ""313"", ""413"", ""513"", ""613"", ""ErrorMessage45"", ""ErrorType45"", ""ErrorMessage46"", ""ErrorType46"", ""ErrorMessage47"", ""ErrorType47"", ""ErrorMessage48"", ""ErrorType48"", ""ErrorMessage49"", ""ErrorType49"", ""ErrorMessage50"", ""ErrorType50"", ""ErrorMessage51"", ""ErrorType51"", ""ErrorMessage52"", ""ErrorType52"", ""ErrorMessage53"", ""ErrorType53"", ""ErrorMessage54"", ""ErrorType54"", ""ErrorMessage55"", ""ErrorType55"", ""ErrorMessage56"", ""ErrorType56"", 
""ErrorMessage57"", ""ErrorType57"", ""ErrorMessage58"", ""ErrorType58"", ""ErrorMessage59"", ""ErrorType59"", ""ErrorMessage60"", ""ErrorType60"", ""ErrorMessage61"", ""ErrorType61"", ""ErrorMessage62"", ""ErrorType62"", ""ErrorMessage63"", ""ErrorType63"", ""ErrorMessage64"", ""ErrorType64"", ""ErrorMessage65"", ""ErrorType65"", ""ErrorMessage66"", ""ErrorType66"", ""ErrorMessage67"", ""ErrorType67"", ""ErrorMessage68"", ""ErrorType68"", ""ErrorMessage69"", ""ErrorType69"", ""ErrorMessage70"", ""ErrorType70"", ""ErrorMessage71"", ""ErrorType71"", ""ErrorMessage72"", 
""ErrorType72"", ""ErrorMessage73"", ""ErrorType73"", ""ErrorMessage74"", ""ErrorType74"", ""ErrorMessage75"", ""ErrorType75"", ""ErrorMessage76"", ""ErrorType76"", ""ErrorMessage77"", ""ErrorType77"", ""ErrorMessage78"", ""ErrorType78"", ""ErrorMessage79"", ""ErrorType79"", ""ErrorMessage80"", ""ErrorType80"", ""ErrorMessage81"", ""ErrorType81"", ""ErrorMessage82"", ""ErrorType82"", ""ErrorMessage83"", ""ErrorType83"", ""ErrorMessage84"", ""ErrorType84"", ""ErrorMessage85"", ""ErrorType85"", ""ErrorMessage86"", ""ErrorType86"", ""ErrorMessage87"", ""ErrorType87"", 
""ErrorMessage88"", ""ErrorType88"", ""ErrorMessage89"", ""ErrorType89"", ""ErrorMessage90"", ""ErrorType90"", ""ErrorMessage91"", ""ErrorType91"", ""ErrorMessage92"", ""ErrorType92"", ""ErrorMessage93"", ""ErrorType93"", ""ErrorMessage94"", ""ErrorType94"", ""ErrorMessage95"", ""ErrorType95"", ""114"", ""ErrorMessage96"", ""ErrorType96"", ""ErrorMessage97"", ""ErrorType97"", ""ErrorMessage98"", ""ErrorType98"", ""ErrorMessage99"", ""ErrorType99"", ""ErrorMessage100"", ""ErrorType100"", ""ErrorMessage101"", ""ErrorType101"", ""ErrorMessage102"", ""ErrorType102"", 
""ErrorMessage103"", ""ErrorType103"", ""ErrorMessage104"", ""ErrorType104"", ""ErrorMessage105"", ""ErrorType105"", ""-1"", ""0"", ""115"", ""-Inf"", ""NaN"", ""Inf"", ""1:10"", ""11:20"", ""116"", ""ErrorMessage106"", ""ErrorType106"", ""ErrorMessage107"", ""ErrorType107"", ""ErrorMessage108"", ""ErrorType108"", ""ErrorMessage109"", ""ErrorType109"", ""ErrorMessage110"", ""ErrorType110"", ""ErrorMessage111"", ""ErrorType111"", ""ErrorMessage112"", ""ErrorType112"", ""ErrorMessage113"", ""ErrorType113"", ""ErrorMessage114"", ""ErrorType114"", ""ErrorMessage115"", 
""ErrorType115"", ""ErrorMessage116"", ""ErrorType116"", ""ErrorMessage117"", ""ErrorType117"", ""ErrorMessage118"", ""ErrorType118"", ""ErrorMessage119"", ""ErrorType119"", ""ErrorMessage120"", ""ErrorType120"", ""ErrorMessage121"", ""ErrorType121"", ""ErrorMessage122"", ""ErrorType122"", ""ErrorMessage123"", ""ErrorType123"", ""ErrorMessage124"", ""ErrorType124"", ""ErrorMessage125"", ""ErrorType125"", ""ErrorMessage126"", ""ErrorType126"", ""ErrorMessage127"", ""ErrorType127"", ""ErrorMessage128"", ""ErrorType128"", ""ErrorMessage129"", ""ErrorType129"", 
""ErrorMessage130"", ""ErrorType130"", ""ErrorMessage131"", ""ErrorType131"", ""ErrorMessage132"", ""ErrorType132"", ""ErrorMessage133"", ""ErrorType133"", ""ErrorMessage134"", ""ErrorType134"", ""ErrorMessage135"", ""ErrorType135"", ""ErrorMessage136"", ""ErrorType136"", ""ErrorMessage137"", ""ErrorType137"", ""ErrorMessage138"", ""ErrorType138"", ""ErrorMessage139"", ""ErrorType139"", ""ErrorMessage140"", ""ErrorType140"", ""ErrorMessage141"", ""ErrorType141"", ""ErrorMessage142"", ""ErrorType142"", ""ErrorMessage143"", ""ErrorType143"", ""ErrorMessage144"", 
""ErrorType144"", ""ErrorMessage145"", ""ErrorType145"", ""ErrorMessage146"", ""ErrorType146"", ""ErrorMessage147"", ""ErrorType147"", ""ErrorMessage148"", ""ErrorType148"", ""ErrorMessage149"", ""ErrorType149"", ""ErrorMessage150"", ""ErrorType150"", ""ErrorMessage151"", ""ErrorType151"", ""ErrorMessage152"", ""ErrorType152"", ""ErrorMessage153"", ""ErrorType153"", ""ErrorMessage154"", ""ErrorType154"", ""ErrorMessage155"", ""ErrorType155"", ""ErrorMessage156"", ""ErrorType156"", ""ErrorMessage157"", ""ErrorType157"", ""ErrorMessage158"", ""ErrorType158"", 
""ErrorMessage159"", ""ErrorType159"", ""ErrorMessage160"", ""ErrorType160"", ""ErrorMessage161"", ""ErrorType161"", ""ErrorMessage162"", ""ErrorType162"", ""ErrorMessage163"", ""ErrorType163"", ""ErrorMessage164"", ""ErrorType164"", ""ErrorMessage165"", ""ErrorType165"", ""ErrorMessage166"", ""ErrorType166"", ""ErrorMessage167"", ""ErrorType167"", ""ErrorMessage168"", ""ErrorType168"", ""ErrorMessage169"", ""ErrorType169"", ""ErrorMessage170"", ""ErrorType170"", ""ErrorMessage171"", ""ErrorType171"", ""ErrorMessage172"", ""ErrorType172"", ""ErrorMessage173"", 
""ErrorType173"", ""ErrorMessage174"", ""ErrorType174"", ""ErrorMessage175"", ""ErrorType175"", ""ErrorMessage176"", ""ErrorType176"", ""ErrorMessage177"", ""ErrorType177"", ""ErrorMessage178"", ""ErrorType178"", ""ErrorMessage179"", ""ErrorType179"", ""ErrorMessage180"", ""ErrorType180"", ""ErrorMessage181"", ""ErrorType181"", ""ErrorMessage182"", ""ErrorType182"", ""ErrorMessage183"", ""ErrorType183"", ""ErrorMessage184"", ""ErrorType184"", ""ErrorMessage185"", ""ErrorType185"", ""ErrorMessage186"", ""ErrorType186"", ""ErrorMessage187"", ""ErrorType187"", 
""ErrorMessage188"", ""ErrorType188"", ""ErrorMessage189"", ""ErrorType189"", ""ErrorMessage190"", ""ErrorType190"", ""ErrorMessage191"", ""ErrorType191"", ""ErrorMessage192"", ""ErrorType192"", ""ErrorMessage193"", ""ErrorType193"", ""ErrorMessage194"", ""ErrorType194"", ""ErrorMessage195"", ""ErrorType195"", ""ErrorMessage196"", ""ErrorType196"", ""ErrorMessage197"", ""ErrorType197"", ""ErrorMessage198"", ""ErrorType198"", ""ErrorMessage199"", ""ErrorType199"", ""ErrorMessage200"", ""ErrorType200"", ""ErrorMessage201"", ""ErrorType201"", ""ErrorMessage202"", 
""ErrorType202"", ""ErrorMessage203"", ""ErrorType203"", ""ErrorMessage204"", ""ErrorType204"", ""ErrorMessage205"", ""ErrorType205"", ""ErrorMessage206"", ""ErrorType206"", ""ErrorMessage207"", ""ErrorType207"", ""ErrorMessage208"", ""ErrorType208"", ""ErrorMessage209"", ""ErrorType209"", ""ErrorMessage210"", ""ErrorType210"", ""ErrorMessage211"", ""ErrorType211"", ""ErrorMessage212"", ""ErrorType212"", ""ErrorMessage213"", ""ErrorType213"", ""ErrorMessage214"", ""ErrorType214"", ""ErrorMessage215"", ""ErrorType215"", ""ErrorMessage216"", ""ErrorType216"", 
""ErrorMessage217"", ""ErrorType217"", ""ErrorMessage218"", ""ErrorType218"", ""ErrorMessage219"", ""ErrorType219"", ""ErrorMessage220"", ""ErrorType220"", ""ErrorMessage221"", ""ErrorType221"", ""ErrorMessage222"", ""ErrorType222"", ""117"", ""214"", ""314"", ""414"", ""514"", ""614"", ""118"", ""215"", ""119"", ""ErrorMessage223"", ""ErrorType223"", ""ErrorMessage224"", ""ErrorType224"", ""ErrorMessage225"", ""ErrorType225"", ""ErrorMessage226"", ""ErrorType226"", ""ErrorMessage227"", ""ErrorType227"", ""ErrorMessage228"", ""ErrorType228"", ""ErrorMessage229"", 
""ErrorType229"", ""ErrorMessage230"", ""ErrorType230"", ""ErrorMessage231"", ""ErrorType231"", ""ErrorMessage232"", ""ErrorType232"", ""ErrorMessage233"", ""ErrorType233"", ""ErrorMessage234"", ""ErrorType234"", ""ErrorMessage235"", ""ErrorType235"", ""ErrorMessage236"", ""ErrorType236"", ""ErrorMessage237"", ""ErrorType237"", ""ErrorMessage238"", ""ErrorType238"", ""ErrorMessage239"", ""ErrorType239"", ""ErrorMessage240"", ""ErrorType240"", ""ErrorMessage241"", ""ErrorType241"", ""ErrorMessage242"", ""ErrorType242"", ""ErrorMessage243"", ""ErrorType243"", 
""ErrorMessage244"", ""ErrorType244"", ""ErrorMessage245"", ""ErrorType245"", ""ErrorMessage246"", ""ErrorType246"", ""ErrorMessage247"", ""ErrorType247"", ""ErrorMessage248"", ""ErrorType248"", ""ErrorMessage249"", ""ErrorType249"", ""ErrorMessage250"", ""ErrorType250"", ""ErrorMessage251"", ""ErrorType251"", ""ErrorMessage252"", ""ErrorType252"", ""ErrorMessage253"", ""ErrorType253"", ""ErrorMessage254"", ""ErrorType254"", ""ErrorMessage255"", ""ErrorType255"", ""ErrorMessage256"", ""ErrorType256"", ""ErrorMessage257"", ""ErrorType257"", ""ErrorMessage258"", 
""ErrorType258"", ""ErrorMessage259"", ""ErrorType259"", ""ErrorMessage260"", ""ErrorType260"", ""ErrorMessage261"", ""ErrorType261"", ""ErrorMessage262"", ""ErrorType262"", ""ErrorMessage263"", ""ErrorType263"", ""ErrorMessage264"", ""ErrorType264"", ""ErrorMessage265"", ""ErrorType265"", ""ErrorMessage266"", ""ErrorType266"", ""120"", ""216"", ""315"", ""415"", ""515"", ""615"", ""121"", ""217"", ""122"", ""ErrorMessage267"", ""ErrorType267"", ""ErrorMessage268"", ""ErrorType268"", ""ErrorMessage269"", ""ErrorType269"", ""ErrorMessage270"", ""ErrorType270"", ""ErrorMessage271"", 
""ErrorType271"", ""ErrorMessage272"", ""ErrorType272"", ""ErrorMessage273"", ""ErrorType273"", ""ErrorMessage274"", ""ErrorType274"", ""ErrorMessage275"", ""ErrorType275"", ""ErrorMessage276"", ""ErrorType276"", ""ErrorMessage277"", ""ErrorType277"", ""ErrorMessage278"", ""ErrorType278"", ""ErrorMessage279"", ""ErrorType279"", ""ErrorMessage280"", ""ErrorType280"", ""ErrorMessage281"", ""ErrorType281"", ""ErrorMessage282"", ""ErrorType282"", ""ErrorMessage283"", ""ErrorType283"", ""ErrorMessage284"", ""ErrorType284"", ""ErrorMessage285"", ""ErrorType285"", 
""ErrorMessage286"", ""ErrorType286"", ""ErrorMessage287"", ""ErrorType287"", ""ErrorMessage288"", ""ErrorType288"", ""ErrorMessage289"", ""ErrorType289"", ""ErrorMessage290"", ""ErrorType290"", ""ErrorMessage291"", ""ErrorType291"", ""ErrorMessage292"", ""ErrorType292"", ""ErrorMessage293"", ""ErrorType293"", ""ErrorMessage294"", ""ErrorType294"", ""ErrorMessage295"", ""ErrorType295"", ""ErrorMessage296"", ""ErrorType296"", ""123"", ""218"", ""316"", ""416"", ""516"", ""616"", ""ErrorMessage297"", ""ErrorType297"", ""ErrorMessage298"", ""ErrorType298"", ""124"", 
""219"", ""317"", ""417"", ""517"", ""617"", ""x11"", ""x21"", ""x31"", ""x41"", ""x51"", ""x61"", ""x71"", ""x81"", ""x91"", ""x101"", ""y11"", ""y21"", ""y31"", ""y41"", ""y51"", ""y61"", ""y71"", ""y81"", ""y91"", ""y101"", ""125"", ""ErrorMessage299"", ""ErrorType299"", ""126"", ""127"", ""128"", ""129"", ""130"", ""ErrorMessage300"", ""ErrorType300"", ""ErrorMessage301"", ""ErrorType301"", ""ErrorMessage302"", ""ErrorType302"", ""ErrorMessage303"", ""ErrorType303"", ""X_data1"", ""X_data2"", ""X_data3"", ""X_data4"", ""X_data5"", ""X_data6"", ""x12"", ""x22"", ""x32"", ""x42"", ""x52"", ""x62"", 
""x72"", ""x82"", ""x92"", ""x102"", ""y12"", ""y22"", ""y32"", ""y42"", ""y52"", ""y62"", ""y72"", ""y82"", ""y92"", ""y102"", ""X_data"", ""ErrorMessage304"", ""ErrorType304"", ""ErrorMessage305"", ""ErrorType305"", ""ErrorMessage306"", ""ErrorType306"", ""x13"", ""x23"", ""x33"", ""x43"", ""x53"", ""x63"", ""x73"", ""x83"", ""x93"", ""x103"", ""y13"", ""y23"", ""y33"", ""y43"", ""y53"", ""y63"", ""y73"", ""y83"", ""y93"", ""y103"", ""ErrorMessage307"", ""ErrorType307"", ""ErrorMessage308"", ""ErrorType308"", ""ErrorMessage309"", ""ErrorType309"", ""X_data11"", ""X_data21"", ""X_data31"", ""X_data41"", 
""X_data51"", ""X_data61"", ""x14"", ""x24"", ""x34"", ""x44"", ""x54"", ""x64"", ""x74"", ""x84"", ""x94"", ""x104"", ""y14"", ""y24"", ""y34"", ""y44"", ""y54"", ""y64"", ""y74"", ""y84"", ""y94"", ""y104"", ""X_data7"", ""ErrorMessage310"", ""ErrorType310"", ""131"", ""220"", ""318"", ""418"", ""518"", ""618"", ""x15"", ""x25"", ""x35"", ""x45"", ""x55"", ""x65"", ""x75"", ""x85"", ""x95"", ""x105"", ""y15"", ""y25"", ""y35"", ""y45"", ""y55"", ""y65"", ""y75"", ""y85"", ""y95"", ""y105"", ""ErrorMessage311"", ""ErrorType311"", ""ErrorMessage312"", ""ErrorType312"", ""ErrorMessage313"", ""ErrorType313"", 
""132"", ""221"", ""319"", ""419"", ""519"", ""619"", ""ErrorMessage314"", ""ErrorType314"", ""ErrorMessage315"", ""ErrorType315"", ""ErrorMessage316"", ""ErrorType316"", ""ErrorMessage317"", ""ErrorType317"", ""ErrorMessage318"", ""ErrorType318"", ""ErrorMessage319"", ""ErrorType319"", ""ErrorMessage320"", ""ErrorType320"", ""ErrorMessage321"", ""ErrorType321"", ""ErrorMessage322"", ""ErrorType322"", ""133"", ""222"", ""320"", ""420"", ""520"", ""620"", ""x16"", ""x26"", ""x36"", ""x46"", ""x56"", ""x66"", ""x76"", ""x86"", ""x96"", ""x106"", ""y16"", ""y26"", ""y36"", ""y46"", ""y56"", 
""y66"", ""y76"", ""y86"", ""y96"", ""y106"", ""ErrorMessage323"", ""ErrorType323"", ""ErrorMessage324"", ""ErrorType324"", ""ErrorMessage325"", ""ErrorType325"", ""134"", ""223"", ""321"", ""421"", ""521"", ""621"", ""ErrorMessage326"", ""ErrorType326"", ""ErrorMessage327"", ""ErrorType327"", ""ErrorMessage328"", ""ErrorType328"", ""ErrorMessage329"", ""ErrorType329"", ""ErrorMessage330"", ""ErrorType330"", ""ErrorMessage331"", ""ErrorType331"", ""ErrorMessage332"", ""ErrorType332"", ""ErrorMessage333"", ""ErrorType333"", ""ErrorMessage334"", ""ErrorType334"", ""ErrorMessage335"", 
""ErrorType335"", ""ErrorMessage336"", ""ErrorType336"", ""ErrorMessage337"", ""ErrorType337"", ""ErrorMessage338"", ""ErrorType338"", ""ErrorMessage339"", ""ErrorType339"", ""ErrorMessage340"", ""ErrorType340"", ""ErrorMessage341"", ""ErrorType341"", ""ErrorMessage342"", ""ErrorType342"", ""ErrorMessage343"", ""ErrorType343"", ""ErrorMessage344"", ""ErrorType344"", ""ErrorMessage345"", ""ErrorType345"", ""ErrorMessage346"", ""ErrorType346"", ""ErrorMessage347"", ""ErrorType347"", ""ErrorMessage348"", ""ErrorType348"", ""ErrorMessage349"", ""ErrorType349"", 
""ErrorMessage350"", ""ErrorType350"", ""ErrorMessage351"", ""ErrorType351"", ""ErrorMessage352"", ""ErrorType352"", ""135"", ""224"", ""322"", ""422"", ""522"", ""622"", ""ErrorMessage353"", ""ErrorType353"", ""ErrorMessage354"", ""ErrorType354"", ""ErrorMessage355"", ""ErrorType355"", ""ErrorMessage356"", ""ErrorType356"", ""ErrorMessage357"", ""ErrorType357"", ""136"", ""137"", ""138"", ""ErrorMessage358"", ""ErrorType358"", ""139"", ""225"", ""323"", ""423"", ""523"", ""623"", ""x17"", ""x27"", ""x37"", ""x47"", ""x57"", ""x67"", ""x77"", ""x87"", ""x97"", ""x107"", ""y17"", ""y27"", 
""y37"", ""y47"", ""y57"", ""y67"", ""y77"", ""y87"", ""y97"", ""y107"", ""140"", ""ErrorMessage359"", ""ErrorType359"", ""ErrorMessage360"", ""ErrorType360"", ""ErrorMessage361"", ""ErrorType361"", ""ErrorMessage362"", ""ErrorType362"", ""ErrorMessage363"", ""ErrorType363"", ""ErrorMessage364"", ""ErrorType364"", ""ErrorMessage365"", ""ErrorType365"", ""ErrorMessage366"", ""ErrorType366"", ""ErrorMessage367"", ""ErrorType367"", ""ErrorMessage368"", ""ErrorType368"", ""141"", ""226"", ""324"", ""424"", ""524"", ""624"", ""142"", ""227"", ""325"", ""425"", ""525"", ""625"", ""7"", 
""8"", ""9"", ""10"", ""1110"", ""1210"", ""1310"", ""143"", ""151"", ""161"", ""171"", ""181"", ""191"", ""20"", ""2110"", ""228"", ""231"", ""241"", ""251"", ""261"", ""144"", ""229"", ""326"", ""426"", ""526"", ""626"", ""71"", ""ErrorMessage369"", ""ErrorType369"", ""145"", ""ErrorMessage370"", ""ErrorType370"", ""ErrorMessage371"", ""ErrorType371"", ""146"", ""230"", ""327"", ""427"", ""527"", ""627"", ""147"", ""232"", ""328"", ""428"", ""528"", ""628"", ""ErrorMessage372"", ""ErrorType372"", ""ErrorMessage373"", ""ErrorType373"", ""ErrorMessage374"", ""ErrorType374"", ""148"", ""ErrorMessage375"", 
""ErrorType375"", ""ErrorMessage376"", ""ErrorType376"", ""ErrorMessage377"", ""ErrorType377"", ""ErrorMessage378"", ""ErrorType378"", ""ErrorMessage379"", ""ErrorType379"", ""ErrorMessage380"", ""ErrorType380"", ""ErrorMessage381"", ""ErrorType381"", ""ErrorMessage382"", ""ErrorType382"", ""ErrorMessage383"", ""ErrorType383"", ""ErrorMessage384"", ""ErrorType384"", ""ErrorMessage385"", ""ErrorType385"", ""ErrorMessage386"", ""ErrorType386"", ""ErrorMessage387"", ""ErrorType387"", ""ErrorMessage388"", ""ErrorType388"", ""ErrorMessage389"", ""ErrorType389"", 
""ErrorMessage390"", ""ErrorType390"", ""ErrorMessage391"", ""ErrorType391"", ""ErrorMessage392"", ""ErrorType392"", ""ErrorMessage393"", ""ErrorType393"", ""ErrorMessage394"", ""ErrorType394"", ""ErrorMessage395"", ""ErrorType395"", ""ErrorMessage396"", ""ErrorType396"", ""ErrorMessage397"", ""ErrorType397"", ""ErrorMessage398"", ""ErrorType398"", ""ErrorMessage399"", ""ErrorType399"", ""ErrorMessage400"", ""ErrorType400"", ""ErrorMessage401"", ""ErrorType401"", ""149"", ""233"", ""329"", ""429"", ""529"", ""629"", ""150"", ""234"", ""330"", ""430"", ""530"", ""630"", 
""152"", ""235"", ""331"", ""431"", ""531"", ""631"", ""ErrorMessage402"", ""ErrorType402"", ""153"", ""236"", ""332"", ""432"", ""532"", ""632"", ""ErrorMessage403"", ""ErrorType403"", ""ErrorMessage404"", ""ErrorType404"", ""ErrorMessage405"", ""ErrorType405"", ""ErrorMessage406"", ""ErrorType406"", ""ErrorMessage407"", ""ErrorType407"", ""ErrorMessage408"", ""ErrorType408"", ""ErrorMessage409"", ""ErrorType409"", ""ErrorMessage410"", ""ErrorType410"", ""ErrorMessage411"", ""ErrorType411"", ""ErrorMessage412"", ""ErrorType412"", ""ErrorMessage413"", ""ErrorType413"", 
""ErrorMessage414"", ""ErrorType414"", ""ErrorMessage415"", ""ErrorType415"", ""ErrorMessage416"", ""ErrorType416"", ""ErrorMessage417"", ""ErrorType417"", ""ErrorMessage418"", ""ErrorType418"", ""ErrorMessage419"", ""ErrorType419"", ""ErrorMessage420"", ""ErrorType420"", ""ErrorMessage421"", ""ErrorType421"", ""ErrorMessage422"", ""ErrorType422"", ""ErrorMessage423"", ""ErrorType423"", ""ErrorMessage424"", ""ErrorType424"", ""ErrorMessage425"", ""ErrorType425"", ""154"", ""237"", ""333"", ""433"", ""533"", ""633"", ""155"", ""238"", ""334"", ""434"", ""534"", ""634"", 
""ErrorMessage426"", ""ErrorType426"", ""ErrorMessage427"", ""ErrorType427"", ""ErrorMessage428"", ""ErrorType428"", ""156"", ""ErrorMessage429"", ""ErrorType429"", ""ErrorMessage430"", ""ErrorType430"", ""157"", ""239"", ""335"", ""435"", ""535"", ""635"", ""158"", ""240"", ""336"", ""436"", ""536"", ""636"", ""ErrorMessage431"", ""ErrorType431"", ""ErrorMessage432"", ""ErrorType432"", ""ErrorMessage433"", ""ErrorType433"", ""159"", ""ErrorMessage434"", ""ErrorType434"", ""ErrorMessage435"", ""ErrorType435"", ""160"", ""242"", ""337"", ""437"", ""537"", ""637"", ""162"", ""243"", 
""338"", ""438"", ""538"", ""638"", ""ErrorMessage436"", ""ErrorType436"", ""ErrorMessage437"", ""ErrorType437"", ""ErrorMessage438"", ""ErrorType438"", ""163"", ""ErrorMessage439"", ""ErrorType439"", ""ErrorMessage440"", ""ErrorType440"", ""ErrorMessage441"", ""ErrorType441"", ""ErrorMessage442"", ""ErrorType442"", ""ErrorMessage443"", ""ErrorType443"", ""ErrorMessage444"", ""ErrorType444"", ""ErrorMessage445"", ""ErrorType445"", ""ErrorMessage446"", ""ErrorType446"", ""ErrorMessage447"", ""ErrorType447"", ""ErrorMessage448"", ""ErrorType448"", ""ErrorMessage449"", 
""ErrorType449"", ""ErrorMessage450"", ""ErrorType450"", ""ErrorMessage451"", ""ErrorType451"", ""ErrorMessage452"", ""ErrorType452"", ""ErrorMessage453"", ""ErrorType453"", ""ErrorMessage454"", ""ErrorType454"", ""ErrorMessage455"", ""ErrorType455"", ""ErrorMessage456"", ""ErrorType456"", ""ErrorMessage457"", ""ErrorType457"", ""ErrorMessage458"", ""ErrorType458"", ""ErrorMessage459"", ""ErrorType459"", ""ErrorMessage460"", ""ErrorType460"", ""ErrorMessage461"", ""ErrorType461"", ""ErrorMessage462"", ""ErrorType462"", ""ErrorMessage463"", ""ErrorType463"", 
""ErrorMessage464"", ""ErrorType464"", ""ErrorMessage465"", ""ErrorType465"", ""ErrorMessage466"", ""ErrorType466"", ""ErrorMessage467"", ""ErrorType467"", ""ErrorMessage468"", ""ErrorType468"", ""ErrorMessage469"", ""ErrorType469"", ""ErrorMessage470"", ""ErrorType470"", ""ErrorMessage471"", ""ErrorType471"", ""164"", ""165"", ""166"", ""167"", ""ErrorMessage472"", ""ErrorType472"", ""ErrorMessage473"", ""ErrorType473"", ""ErrorMessage474"", ""ErrorType474"", ""ErrorMessage475"", ""ErrorType475"", ""ErrorMessage476"", ""ErrorType476"", ""ErrorMessage477"", 
""ErrorType477"", ""ErrorMessage478"", ""ErrorType478"", ""ErrorMessage479"", ""ErrorType479"", ""ErrorMessage480"", ""ErrorType480"", ""168"", ""244"", ""339"", ""439"", ""539"", ""639"", ""169"", ""245"", ""340"", ""440"", ""540"", ""640"", ""170"", ""246"", ""341"", ""441"", ""541"", ""641"", ""172"", ""247"", ""342"", ""442"", ""542"", ""642"", ""173"", ""248"", ""343"", ""443"", ""543"", ""643"", ""174"", ""249"", ""344"", ""444"", ""544"", ""644"", ""ErrorMessage481"", ""ErrorType481"", ""ErrorMessage482"", ""ErrorType482"", ""ErrorMessage483"", ""ErrorType483"", ""ErrorMessage484"", ""ErrorType484"", 
""ErrorMessage485"", ""ErrorType485"", ""ErrorMessage486"", ""ErrorType486"", ""ErrorMessage487"", ""ErrorType487"", ""ErrorMessage488"", ""ErrorType488"", ""ErrorMessage489"", ""ErrorType489"", ""ErrorMessage490"", ""ErrorType490"", ""ErrorMessage491"", ""ErrorType491"", ""ErrorMessage492"", ""ErrorType492"", ""ErrorMessage493"", ""ErrorType493"", ""ErrorMessage494"", ""ErrorType494"", ""ErrorMessage495"", ""ErrorType495"", ""ErrorMessage496"", ""ErrorType496"", ""ErrorMessage497"", ""ErrorType497"", ""ErrorMessage498"", ""ErrorType498"", ""ErrorMessage499"", 
""ErrorType499"", ""ErrorMessage500"", ""ErrorType500"", ""ErrorMessage501"", ""ErrorType501"", ""ErrorMessage502"", ""ErrorType502"", ""ErrorMessage503"", ""ErrorType503"", ""ErrorMessage504"", ""ErrorType504"", ""ErrorMessage505"", ""ErrorType505"", ""ErrorMessage506"", ""ErrorType506"", ""ErrorMessage507"", ""ErrorType507"", ""ErrorMessage508"", ""ErrorType508"", ""ErrorMessage509"", ""ErrorType509"", ""ErrorMessage510"", ""ErrorType510"", ""175"", ""250"", ""ErrorMessage511"", ""ErrorType511"", ""ErrorMessage512"", ""ErrorType512"", ""ErrorMessage513"", 
""ErrorType513"", ""176"", ""ErrorMessage514"", ""ErrorType514"", ""ErrorMessage515"", ""ErrorType515"", ""ErrorMessage516"", ""ErrorType516"", ""177"", ""ErrorMessage517"", ""ErrorType517"", ""ErrorMessage518"", ""ErrorType518"", ""ErrorMessage519"", ""ErrorType519"", ""ErrorMessage520"", ""ErrorType520"", ""ErrorMessage521"", ""ErrorType521"", ""ErrorMessage522"", ""ErrorType522"", ""ErrorMessage523"", ""ErrorType523"", ""ErrorMessage524"", ""ErrorType524"", ""ErrorMessage525"", ""ErrorType525"", ""ErrorMessage526"", ""ErrorType526"", ""ErrorMessage527"", 
""ErrorType527"", ""ErrorMessage528"", ""ErrorType528"", ""ErrorMessage529"", ""ErrorType529"", ""ErrorMessage530"", ""ErrorType530"", ""ErrorMessage531"", ""ErrorType531"", ""ErrorMessage532"", ""ErrorType532"", ""ErrorMessage533"", ""ErrorType533"", ""ErrorMessage534"", ""ErrorType534"", ""ErrorMessage535"", ""ErrorType535"", ""ErrorMessage536"", ""ErrorType536"", ""ErrorMessage537"", ""ErrorType537"", ""ErrorMessage538"", ""ErrorType538"", ""ErrorMessage539"", ""ErrorType539"", ""ErrorMessage540"", ""ErrorType540"", ""ErrorMessage541"", ""ErrorType541"", 
""ErrorMessage542"", ""ErrorType542"", ""ErrorMessage543"", ""ErrorType543"", ""ErrorMessage544"", ""ErrorType544"", ""ErrorMessage545"", ""ErrorType545"", ""ErrorMessage546"", ""ErrorType546"", ""ErrorMessage547"", ""ErrorType547"", ""ErrorMessage548"", ""ErrorType548"", ""ErrorMessage549"", ""ErrorType549"", ""ErrorMessage550"", ""ErrorType550"", ""ErrorMessage551"", ""ErrorType551"", ""ErrorMessage552"", ""ErrorType552"", ""ErrorMessage553"", ""ErrorType553"", ""ErrorMessage554"", ""ErrorType554"", ""ErrorMessage555"", ""ErrorType555"", ""ErrorMessage556"", 
""ErrorType556"", ""ErrorMessage557"", ""ErrorType557"", ""ErrorMessage558"", ""ErrorType558"", ""platform"", ""arch"", ""os"", ""system1"", ""status"", ""major"", ""minor"", ""year"", ""month"", ""day"", ""svn rev"", ""language"", ""version.string"", ""nickname"", ""ErrorMessage559"", ""ErrorType559"", ""ErrorMessage560"", ""ErrorType560"", ""ErrorMessage561"", ""ErrorType561"", ""ErrorMessage562"", ""ErrorType562"", ""ErrorMessage563"", ""ErrorType563"", ""ErrorMessage564"", ""ErrorType564"", ""ErrorMessage565"", ""ErrorType565"", ""ErrorMessage566"", ""ErrorType566"", 
""ErrorMessage567"", ""ErrorType567"", ""ErrorMessage568"", ""ErrorType568"", ""ErrorMessage569"", ""ErrorType569"", ""ErrorMessage570"", ""ErrorType570"", ""ErrorMessage571"", ""ErrorType571"", ""ErrorMessage572"", ""ErrorType572"", ""ErrorMessage573"", ""ErrorType573"", ""ErrorMessage574"", ""ErrorType574"", ""message1"", ""message2"", ""message3"", ""message4"", ""message5"", ""message6"", ""message11"", ""message21"", ""message31"", ""message41"", ""message51"", ""message61"", ""message12"", ""message22"", ""message32"", ""message42"", ""message52"", ""message62"", 
""call1"", ""call2"", ""call3"", ""call4"", ""call5"", ""call6"", ""message13"", ""message23"", ""message33"", ""message43"", ""message53"", ""message63"", ""call.x1"", ""call.x2"", ""call.x3"", ""call.x4"", ""call.x5"", ""call.x6"", ""call.x7"", ""call.x8"", ""call.x9"", ""call.x10"", ""call.y1"", ""call.y2"", ""call.y3"", ""call.y4"", ""call.y5"", ""call.y6"", ""call.y7"", ""call.y8"", ""call.y9"", ""call.y10"", ""message14"", ""message24"", ""message34"", ""message44"", ""message54"", ""message64"", ""call"", ""ErrorMessage575"", ""ErrorType575"", ""message15"", ""message25"", 
""message35"", ""message45"", ""message55"", ""message65"", ""call7"", ""message16"", ""message26"", ""call8"", ""message"", ""call9"", ""ErrorMessage576"", ""ErrorType576"", ""ErrorMessage577"", ""ErrorType577"", ""ErrorMessage578"", ""ErrorType578"", ""ErrorMessage579"", ""ErrorType579"", ""ErrorMessage580"", ""ErrorType580"", ""ErrorMessage581"", ""ErrorType581"", ""ErrorMessage582"", ""ErrorType582"", ""ErrorMessage583"", ""ErrorType583"", ""ErrorMessage584"", ""ErrorType584"", ""ErrorMessage585"", ""ErrorType585"", ""ErrorMessage586"", ""ErrorType586"", 
""ErrorMessage587"", ""ErrorType587"", ""ErrorMessage588"", ""ErrorType588"", ""ErrorMessage589"", ""ErrorType589"", ""ErrorMessage590"", ""ErrorType590"", ""ErrorMessage591"", ""ErrorType591"", ""ErrorMessage592"", ""ErrorType592"", ""ErrorMessage593"", ""ErrorType593"", ""ErrorMessage594"", ""ErrorType594"", ""ErrorMessage595"", ""ErrorType595"", ""ErrorMessage596"", ""ErrorType596"", ""ErrorMessage597"", ""ErrorType597"", ""ErrorMessage598"", ""ErrorType598"", ""ErrorMessage599"", ""ErrorType599"", ""ErrorMessage600"", ""ErrorType600"", ""ErrorMessage601"", 
""ErrorType601"", ""ErrorMessage602"", ""ErrorType602"", ""ErrorMessage603"", ""ErrorType603"", ""ErrorMessage604"", ""ErrorType604"", ""ErrorMessage605"", ""ErrorType605"", ""ErrorMessage606"", ""ErrorType606"", ""ErrorMessage607"", ""ErrorType607"", ""ErrorMessage608"", ""ErrorType608"", ""ErrorMessage609"", ""ErrorType609"", ""ErrorMessage610"", ""ErrorType610"", ""178"", ""ErrorMessage611"", ""ErrorType611"", ""ErrorMessage612"", ""ErrorType612"", ""ErrorMessage613"", ""ErrorType613"", ""179"", ""ErrorMessage614"", ""ErrorType614"", ""ErrorMessage615"", 
""ErrorType615"", ""ErrorMessage616"", ""ErrorType616"", ""ErrorMessage617"", ""ErrorType617"", ""ErrorMessage618"", ""ErrorType618"", ""ErrorMessage619"", ""ErrorType619"", ""ErrorMessage620"", ""ErrorType620"", ""ErrorMessage621"", ""ErrorType621"", ""ErrorMessage622"", ""ErrorType622"", ""ErrorMessage623"", ""ErrorType623"", ""ErrorMessage624"", ""ErrorType624"", ""ErrorMessage625"", ""ErrorType625"", ""ErrorMessage626"", ""ErrorType626"", ""ErrorMessage627"", ""ErrorType627"", ""ErrorMessage628"", ""ErrorType628"", ""ErrorMessage629"", ""ErrorType629"", 
""ErrorMessage630"", ""ErrorType630"", ""ErrorMessage631"", ""ErrorType631"", ""ErrorMessage632"", ""ErrorType632"", ""180"", ""ErrorMessage633"", ""ErrorType633"", ""ErrorMessage634"", ""ErrorType634"", ""ErrorMessage635"", ""ErrorType635"", ""ErrorMessage636"", ""ErrorType636"", ""ErrorMessage637"", ""ErrorType637"", ""ErrorMessage638"", ""ErrorType638"", ""ErrorMessage639"", ""ErrorType639"", ""182"", ""ErrorMessage640"", ""ErrorType640"", ""ErrorMessage641"", ""ErrorType641"", ""ErrorMessage642"", ""ErrorType642"", ""value1"", ""value2"", ""value3"", ""value4"", 
""value5"", ""value6"", ""visible"", ""ErrorMessage643"", ""ErrorType643"", ""ErrorMessage644"", ""ErrorType644"", ""ErrorMessage645"", ""ErrorType645"", ""ErrorMessage646"", ""ErrorType646"", ""ErrorMessage647"", ""ErrorType647"", ""ErrorMessage648"", ""ErrorType648"", ""ErrorMessage649"", ""ErrorType649"", ""ErrorMessage650"", ""ErrorType650"", ""ErrorMessage651"", ""ErrorType651"", ""ErrorMessage652"", ""ErrorType652"", ""ErrorMessage653"", ""ErrorType653"", ""ErrorMessage654"", ""ErrorType654"", ""ErrorMessage655"", ""ErrorType655"", ""ErrorMessage656"", 
""ErrorType656"", ""ErrorMessage657"", ""ErrorType657"", ""ErrorMessage658"", ""ErrorType658"", ""ErrorMessage659"", ""ErrorType659"", ""ErrorMessage660"", ""ErrorType660"", ""ErrorMessage661"", ""ErrorType661"", ""ErrorMessage662"", ""ErrorType662"", ""ErrorMessage663"", ""ErrorType663"", ""ErrorMessage664"", ""ErrorType664"", ""ErrorMessage665"", ""ErrorType665"", ""ErrorMessage666"", ""ErrorType666"", ""ErrorMessage667"", ""ErrorType667"", ""ErrorMessage668"", ""ErrorType668"", ""ErrorMessage669"", ""ErrorType669"", ""183"", ""252"", ""345"", ""445"", ""545"", 
""645"", ""x18"", ""x28"", ""x38"", ""x48"", ""x58"", ""x68"", ""x78"", ""x88"", ""x98"", ""x108"", ""y18"", ""y28"", ""y38"", ""y48"", ""y58"", ""y68"", ""y78"", ""y88"", ""y98"", ""y108"", ""184"", ""ErrorMessage670"", ""ErrorType670"", ""ErrorMessage671"", ""ErrorType671"", ""ErrorMessage672"", ""ErrorType672"", ""ErrorMessage673"", ""ErrorType673"", ""ErrorMessage674"", ""ErrorType674"", ""ErrorMessage675"", ""ErrorType675"", ""x19"", ""x29"", ""x39"", ""x49"", ""x59"", ""x69"", ""x79"", ""x89"", ""x99"", ""x109"", ""y19"", ""y29"", ""y39"", ""y49"", ""y59"", ""y69"", ""y79"", ""y89"", ""y99"", ""y109"", 
""ErrorMessage676"", ""ErrorType676"", ""ErrorMessage677"", ""ErrorType677"", ""ErrorMessage678"", ""ErrorType678"", ""ErrorMessage679"", ""ErrorType679"", ""ErrorMessage680"", ""ErrorType680"", ""ErrorMessage681"", ""ErrorType681"", ""ErrorMessage682"", ""ErrorType682"", ""x110"", ""x210"", ""x310"", ""x410"", ""x510"", ""x610"", ""x710"", ""x810"", ""x910"", ""x1010"", ""y110"", ""y210"", ""y310"", ""y410"", ""y510"", ""y610"", ""y710"", ""y810"", ""y910"", ""y1010"", ""ErrorMessage683"", ""ErrorType683"", ""ErrorMessage684"", ""ErrorType684"", ""ErrorMessage685"", ""ErrorType685"", 
""ErrorMessage686"", ""ErrorType686"", ""ErrorMessage687"", ""ErrorType687"", ""ErrorMessage688"", ""ErrorType688"", ""ErrorMessage689"", ""ErrorType689"", ""ErrorMessage690"", ""ErrorType690"", ""ErrorMessage691"", ""ErrorType691"", ""ErrorMessage692"", ""ErrorType692"", ""ErrorMessage693"", ""ErrorType693"", ""x111"", ""x211"", ""x311"", ""x411"", ""x511"", ""x611"", ""x711"", ""x811"", ""x911"", ""x1011"", ""y111"", ""y211"", ""y311"", ""y411"", ""y511"", ""y611"", ""y711"", ""y811"", ""y911"", ""y1011"", ""ErrorMessage694"", ""ErrorType694"", ""ErrorMessage695"", ""ErrorType695"", 
""ErrorMessage696"", ""ErrorType696"", ""185"", ""253"", ""346"", ""446"", ""546"", ""646"", ""x112"", ""x212"", ""x312"", ""x412"", ""x512"", ""x612"", ""x712"", ""x812"", ""x912"", ""x1012"", ""y112"", ""y212"", ""y312"", ""y412"", ""y512"", ""y612"", ""y712"", ""y812"", ""y912"", ""y1012"", ""186"", ""ErrorMessage697"", ""ErrorType697"", ""ErrorMessage698"", ""ErrorType698"", ""x113"", ""x213"", ""x313"", ""x413"", ""x513"", ""x613"", ""x713"", ""x813"", ""x913"", ""x1013"", ""y113"", ""y213"", ""y313"", ""y413"", ""y513"", ""y613"", ""y713"", ""y813"", ""y913"", ""y1013"", ""ErrorMessage699"", ""ErrorType699"", 
""ErrorMessage700"", ""ErrorType700"", ""187"", ""254"", ""347"", ""447"", ""547"", ""647"", ""ErrorMessage701"", ""ErrorType701"", ""188"", ""ErrorMessage702"", ""ErrorType702"", ""ErrorMessage703"", ""ErrorType703"", ""189"", ""255"", ""348"", ""448"", ""548"", ""648"", ""ErrorMessage704"", ""ErrorType704"", ""190"", ""ErrorMessage705"", ""ErrorType705"", ""ErrorMessage706"", ""ErrorType706"", ""ErrorMessage707"", ""ErrorType707"", ""ErrorMessage708"", ""ErrorType708"", ""ErrorMessage709"", ""ErrorType709"", ""192"", ""256"", ""349"", ""449"", ""549"", ""649"", ""ErrorMessage710"", 
""ErrorType710"", ""ErrorMessage711"", ""ErrorType711"", ""ErrorMessage712"", ""ErrorType712"", ""193"", ""257"", ""350"", ""450"", ""550"", ""650"", ""194"", ""258"", ""351"", ""451"", ""551"", ""651"", ""72"", ""81"", ""91"", ""101"", ""1111"", ""1211"", ""1311"", ""1410"", ""1510"", ""1610"", ""1710"", ""1810"", ""195"", ""201"", ""196"", ""ErrorMessage713"", ""ErrorType713"", ""197"", ""259"", ""352"", ""452"", ""552"", ""652"", ""ErrorMessage714"", ""ErrorType714"", ""ErrorMessage715"", ""ErrorType715"", ""ErrorMessage716"", ""ErrorType716"", ""ErrorMessage717"", ""ErrorType717"", ""ErrorMessage718"", 
""ErrorType718"", ""ErrorMessage719"", ""ErrorType719"", ""ErrorMessage720"", ""ErrorType720"", ""ErrorMessage721"", ""ErrorType721"", ""ErrorMessage722"", ""ErrorType722"", ""ErrorMessage723"", ""ErrorType723"", ""ErrorMessage724"", ""ErrorType724"", ""198"", ""260"", ""353"", ""453"", ""553"", ""653"", ""ErrorMessage725"", ""ErrorType725"", ""ErrorMessage726"", ""ErrorType726"", ""ErrorMessage727"", ""ErrorType727"", ""199"", ""262"", ""354"", ""454"", ""554"", ""654"", ""ErrorMessage728"", ""ErrorType728"", ""ErrorMessage729"", ""ErrorType729"", ""ErrorMessage730"", 
""ErrorType730"", ""ErrorMessage731"", ""ErrorType731"", ""ErrorMessage732"", ""ErrorType732"", ""ErrorMessage733"", ""ErrorType733"", ""ErrorMessage734"", ""ErrorType734"", ""ErrorMessage735"", ""ErrorType735"", ""ErrorMessage736"", ""ErrorType736"", ""ErrorMessage737"", ""ErrorType737"", ""ErrorMessage738"", ""ErrorType738"", ""ErrorMessage739"", ""ErrorType739"", ""ErrorMessage740"", ""ErrorType740"", ""ErrorMessage741"", ""ErrorType741"", ""ErrorMessage742"", ""ErrorType742"", ""ErrorMessage743"", ""ErrorType743"", ""ErrorMessage744"", ""ErrorType744"", 
""1100"", ""263"", ""355"", ""455"", ""555"", ""655"", ""1101"", ""264"", ""356"", ""456"", ""556"", ""656"", ""ErrorMessage745"", ""ErrorType745"", ""ErrorMessage746"", ""ErrorType746"", ""ErrorMessage747"", ""ErrorType747"", ""ErrorMessage748"", ""ErrorType748"", ""ErrorMessage749"", ""ErrorType749"", ""ErrorMessage750"", ""ErrorType750"", ""ErrorMessage751"", ""ErrorType751"", ""ErrorMessage752"", ""ErrorType752"", ""ErrorMessage753"", ""ErrorType753"", ""ErrorMessage754"", ""ErrorType754"", ""ErrorMessage755"", ""ErrorType755"", ""ErrorMessage756"", ""ErrorType756"", 
""ErrorMessage757"", ""ErrorType757"", ""ErrorMessage758"", ""ErrorType758"", ""ErrorMessage759"", ""ErrorType759"", ""ErrorMessage760"", ""ErrorType760"", ""ErrorMessage761"", ""ErrorType761"", ""ErrorMessage762"", ""ErrorType762"", ""ErrorMessage763"", ""ErrorType763"", ""ErrorMessage764"", ""ErrorType764"", ""ErrorMessage765"", ""ErrorType765"", ""ErrorMessage766"", ""ErrorType766"", ""ErrorMessage767"", ""ErrorType767"", ""ErrorMessage768"", ""ErrorType768"", ""ErrorMessage769"", ""ErrorType769"", ""ErrorMessage770"", ""ErrorType770"", ""ErrorMessage771"", 
""ErrorType771"", ""ErrorMessage772"", ""ErrorType772"", ""ErrorMessage773"", ""ErrorType773"", ""ErrorMessage774"", ""ErrorType774"", ""ErrorMessage775"", ""ErrorType775"", ""ErrorMessage776"", ""ErrorType776"", ""ErrorMessage777"", ""ErrorType777"", ""ErrorMessage778"", ""ErrorType778"", ""ErrorMessage779"", ""ErrorType779"", ""ErrorMessage780"", ""ErrorType780"", ""ErrorMessage781"", ""ErrorType781"", ""ErrorMessage782"", ""ErrorType782"", ""ErrorMessage783"", ""ErrorType783"", ""ErrorMessage784"", ""ErrorType784"", ""ErrorMessage785"", ""ErrorType785"", 
""ErrorMessage786"", ""ErrorType786"", ""ErrorMessage787"", ""ErrorType787"", ""ErrorMessage788"", ""ErrorType788"", ""ErrorMessage789"", ""ErrorType789"", ""ErrorMessage790"", ""ErrorType790"", ""ErrorMessage791"", ""ErrorType791"", ""ErrorMessage792"", ""ErrorType792"", ""ErrorMessage793"", ""ErrorType793"", ""ErrorMessage794"", ""ErrorType794"", ""ErrorMessage795"", ""ErrorType795"", ""ErrorMessage796"", ""ErrorType796"", ""ErrorMessage797"", ""ErrorType797"", ""ErrorMessage798"", ""ErrorType798"", ""ErrorMessage799"", ""ErrorType799"", ""ErrorMessage800"", 
""ErrorType800"", ""ErrorMessage801"", ""ErrorType801"", ""ErrorMessage802"", ""ErrorType802"", ""ErrorMessage803"", ""ErrorType803"", ""ErrorMessage804"", ""ErrorType804"", ""ErrorMessage805"", ""ErrorType805"", ""ErrorMessage806"", ""ErrorType806"", ""ErrorMessage807"", ""ErrorType807"", ""ErrorMessage808"", ""ErrorType808"", ""ErrorMessage809"", ""ErrorType809"", ""ErrorMessage810"", ""ErrorType810"", ""ErrorMessage811"", ""ErrorType811"", ""ErrorMessage812"", ""ErrorType812"", ""ErrorMessage813"", ""ErrorType813"", ""ErrorMessage814"", ""ErrorType814"", 
""ErrorMessage815"", ""ErrorType815"", ""ErrorMessage816"", ""ErrorType816"", ""ErrorMessage817"", ""ErrorType817"", ""ErrorMessage818"", ""ErrorType818"", ""ErrorMessage819"", ""ErrorType819"", ""ErrorMessage820"", ""ErrorType820"", ""ErrorMessage821"", ""ErrorType821"", ""ErrorMessage822"", ""ErrorType822"", ""ErrorMessage823"", ""ErrorType823"", ""ErrorMessage824"", ""ErrorType824"", ""ErrorMessage825"", ""ErrorType825"", ""ErrorMessage826"", ""ErrorType826"", ""ErrorMessage827"", ""ErrorType827"", ""ErrorMessage828"", ""ErrorType828"", ""ErrorMessage829"", 
""ErrorType829"", ""ErrorMessage830"", ""ErrorType830"", ""ErrorMessage831"", ""ErrorType831"", ""ErrorMessage832"", ""ErrorType832"", ""ErrorMessage833"", ""ErrorType833"", ""ErrorMessage834"", ""ErrorType834"", ""ErrorMessage835"", ""ErrorType835"", ""ErrorMessage836"", ""ErrorType836"", ""ErrorMessage837"", ""ErrorType837"", ""ErrorMessage838"", ""ErrorType838"", ""ErrorMessage839"", ""ErrorType839"", ""ErrorMessage840"", ""ErrorType840"", ""ErrorMessage841"", ""ErrorType841"", ""ErrorMessage842"", ""ErrorType842"", ""ErrorMessage843"", ""ErrorType843"", 
""ErrorMessage844"", ""ErrorType844"", ""ErrorMessage845"", ""ErrorType845"", ""ErrorMessage846"", ""ErrorType846"", ""ErrorMessage847"", ""ErrorType847"", ""ErrorMessage848"", ""ErrorType848"", ""ErrorMessage849"", ""ErrorType849"", ""ErrorMessage850"", ""ErrorType850"", ""ErrorMessage851"", ""ErrorType851"", ""ErrorMessage852"", ""ErrorType852"", ""ErrorMessage853"", ""ErrorType853"", ""ErrorMessage854"", ""ErrorType854"", ""ErrorMessage855"", ""ErrorType855"", ""ErrorMessage856"", ""ErrorType856"", ""ErrorMessage857"", ""ErrorType857"", ""ErrorMessage858"", 
""ErrorType858"", ""ErrorMessage859"", ""ErrorType859"", ""ErrorMessage860"", ""ErrorType860"", ""ErrorMessage861"", ""ErrorType861"", ""ErrorMessage862"", ""ErrorType862"", ""ErrorMessage863"", ""ErrorType863"", ""ErrorMessage864"", ""ErrorType864"", ""ErrorMessage865"", ""ErrorType865"", ""ErrorMessage866"", ""ErrorType866"", ""ErrorMessage867"", ""ErrorType867"", ""ErrorMessage868"", ""ErrorType868"", ""ErrorMessage869"", ""ErrorType869"", ""ErrorMessage870"", ""ErrorType870"", ""ErrorMessage871"", ""ErrorType871"", ""ErrorMessage872"", ""ErrorType872"", 
""ErrorMessage873"", ""ErrorType873"", ""ErrorMessage874"", ""ErrorType874"", ""ErrorMessage875"", ""ErrorType875"", ""ErrorMessage876"", ""ErrorType876"", ""ErrorMessage877"", ""ErrorType877"", ""ErrorMessage878"", ""ErrorType878"", ""ErrorMessage879"", ""ErrorType879"", ""ErrorMessage880"", ""ErrorType880"", ""ErrorMessage881"", ""ErrorType881"", ""ErrorMessage882"", ""ErrorType882"", ""ErrorMessage883"", ""ErrorType883"", ""ErrorMessage884"", ""ErrorType884"", ""ErrorMessage885"", ""ErrorType885"", ""ErrorMessage886"", ""ErrorType886"", ""ErrorMessage887"", 
""ErrorType887"", ""ErrorMessage888"", ""ErrorType888"", ""ErrorMessage889"", ""ErrorType889"", ""ErrorMessage890"", ""ErrorType890"", ""ErrorMessage891"", ""ErrorType891"", ""ErrorMessage892"", ""ErrorType892"", ""ErrorMessage893"", ""ErrorType893"", ""ErrorMessage894"", ""ErrorType894"", ""ErrorMessage895"", ""ErrorType895"", ""ErrorMessage896"", ""ErrorType896"", ""ErrorMessage897"", ""ErrorType897"", ""ErrorMessage898"", ""ErrorType898"", ""ErrorMessage899"", ""ErrorType899"", ""ErrorMessage900"", ""ErrorType900"", ""ErrorMessage901"", ""ErrorType901"", 
""ErrorMessage902"", ""ErrorType902"", ""ErrorMessage903"", ""ErrorType903"", ""ErrorMessage904"", ""ErrorType904"", ""ErrorMessage905"", ""ErrorType905"", ""ErrorMessage906"", ""ErrorType906"", ""ErrorMessage907"", ""ErrorType907"", ""ErrorMessage908"", ""ErrorType908"", ""ErrorMessage909"", ""ErrorType909"", ""ErrorMessage910"", ""ErrorType910"", ""ErrorMessage911"", ""ErrorType911"", ""ErrorMessage912"", ""ErrorType912"", ""ErrorMessage913"", ""ErrorType913"", ""ErrorMessage914"", ""ErrorType914"", ""ErrorMessage915"", ""ErrorType915"", ""ErrorMessage916"", 
""ErrorType916"", ""ErrorMessage917"", ""ErrorType917"", ""ErrorMessage918"", ""ErrorType918"", ""ErrorMessage919"", ""ErrorType919"", ""ErrorMessage920"", ""ErrorType920"", ""ErrorMessage921"", ""ErrorType921"", ""ErrorMessage922"", ""ErrorType922"", ""ErrorMessage923"", ""ErrorType923"", ""stats1"", ""stats2"", ""stats3"", ""stats4"", ""stats5"", ""stats6"", ""stats7"", ""stats8"", ""stats9"", ""stats10"", ""n1"", ""n2"", ""conf1"", ""conf2"", ""conf3"", ""conf4"", ""names1"", ""names2"", ""ErrorMessage924"", ""ErrorType924"", ""ErrorMessage925"", ""ErrorType925"", ""ErrorMessage926"", 
""ErrorType926"", ""stats11"", ""stats21"", ""stats31"", ""stats41"", ""stats51"", ""stats61"", ""stats71"", ""stats81"", ""stats91"", ""stats101"", ""n11"", ""n21"", ""conf11"", ""conf21"", ""conf31"", ""conf41"", ""names11"", ""names21"", ""ErrorMessage927"", ""ErrorType927"", ""ErrorMessage928"", ""ErrorType928"", ""ErrorMessage929"", ""ErrorType929"", ""ErrorMessage930"", ""ErrorType930"", ""ErrorMessage931"", ""ErrorType931"", ""ErrorMessage932"", ""ErrorType932"", ""ErrorMessage933"", ""ErrorType933"", ""ErrorMessage934"", ""ErrorType934"", ""ErrorMessage935"", 
""ErrorType935"", ""ErrorMessage936"", ""ErrorType936"", ""ErrorMessage937"", ""ErrorType937"", ""ErrorMessage938"", ""ErrorType938"", ""ErrorMessage939"", ""ErrorType939"", ""ErrorMessage940"", ""ErrorType940"")",""
"38","ErrorMessage106","the condition has length > 1"
"39","ErrorMessage108"," 無効な 'category' 引数です "
"40","ErrorMessage112"," 使われていない引数 (alist(pattern = , recursive = , full.names = )) "
"41","ErrorMessage113"," 引数 ""paths"" がありませんし、省略時既定値もありません "
"42","ErrorMessage119"," 'dirmark' 引数が不正です "
"43","ErrorMessage124"," 引数 ""name"" がありませんし、省略時既定値もありません "
"44","ErrorMessage125"," 'file' 引数が不正です "
"45","ErrorMessage130"," 空の (0 バイトの) 入力ファイルです "
"46","ErrorMessage137"," 使われていない引数 (alist(expr = , add = )) "
"47","ErrorMessage141"," 使われていない引数 (alist(expr = x, add = )) "
"48","ErrorMessage142"," 使われていない引数 (expr = x, add = x) "
"49","ErrorMessage143"," 使われていない引数 (expr = x, add = df) "
"50","ErrorMessage144"," 使われていない引数 (expr = x, add = ""df"") "
"51","ErrorMessage145"," 使われていない引数 (expr = df, add = ""df"") "
"52","ErrorMessage146"," 使われていない引数 (expr = ""df"", add = ""df"") "
"53","ErrorMessage147"," 使われていない引数 (alist(which = )) "
"54","ErrorMessage148"," 'n' 引数が不正です "
"55","ErrorMessage150"," 使われていない引数 (which = x) "
"56","ErrorMessage151"," 使われていない引数 (which = df) "
"57","ErrorMessage152"," 使われていない引数 (which = ""df"") "
"58","ErrorMessage158"," 'paths' 引数が不正です "
"59","ErrorMessage162"," 'file' は空でない文字列でなければなりません "
"60","ErrorMessage165"," 全ての引数は名前を持たなければなりません "
"61","ErrorMessage169"," 使われていない引数 (alist(times = )) "
"62","ErrorMessage170"," 引数 ""path"" がありませんし、省略時既定値もありません "
"63","ErrorMessage172"," 無効な 'path' 引数です "
"64","ErrorMessage173"," 使われていない引数 (times = x) "
"65","ErrorMessage174"," 使われていない引数 (times = df) "
"66","ErrorMessage175"," 使われていない引数 (times = ""df"") "
"67","ErrorMessage187"," 使われていない引数 (alist(secs = )) "
"68","ErrorMessage188"," 引数 ""time"" がありませんし、省略時既定値もありません "
"69","ErrorMessage189"," 使われていない引数 (secs = x) "
"70","ErrorMessage190"," 使われていない引数 (secs = df) "
"71","ErrorMessage191"," 使われていない引数 (secs = ""df"") "
"72","ErrorMessage193"," 引数 ""file"" がありませんし、省略時既定値もありません "
"73","ErrorMessage194"," '-1' は既存のファイルではありません  '0' は既存のファイルではありません  '1' は既存のファイルではありません  '-Inf' は既存のファイルではありません  'NaN' は既存のファイルではありません  'Inf' は既存のファイルではありません "
"74","ErrorMessage208"," 'c(""ErrorMessage"", ""ErrorType"", ""ErrorMessage1"", ""ErrorType1"", ""ErrorMessage2"", ""ErrorType2"", ""ErrorMessage3"", ""ErrorType3"", ""ErrorMessage4"", ""ErrorType4"", ""ErrorMessage5"", ""ErrorType5"", ""ErrorMessage6"", ""ErrorType6"", ""ErrorMessage7"", ""ErrorType7"", ""ErrorMessage8"", ""ErrorType8"", ""ErrorMessage9"", ""ErrorType9"", ""ErrorMessage10"", ""ErrorType10"", ""ErrorMessage11"", ""ErrorType11"", ""ErrorMessage12"", ""ErrorType12"", ""ErrorMessage13"", ""ErrorType13"", ""ErrorMessage14"", ""ErrorType14"", ""ErrorMessage15"", ""ErrorType15"", 
""ErrorMessage16"", ""ErrorType16"", ""ErrorMessage17"", ""ErrorType17"", ""ErrorMessage18"", ""ErrorType18"", ""ErrorMessage19"", ""ErrorType19"", ""ErrorMessage20"", ""ErrorType20"", ""ErrorMessage21"", ""ErrorType21"", ""user"", ""system"", ""elapsed"", ""ErrorMessage22"", ""ErrorType22"", ""ErrorMessage23"", ""ErrorType23"", ""ErrorMessage24"", ""ErrorType24"", ""ErrorMessage25"", ""ErrorType25"", ""ErrorMessage26"", ""ErrorType26"", ""ErrorMessage27"", ""ErrorType27"", ""ErrorMessage28"", ""ErrorType28"", ""ErrorMessage29"", ""ErrorType29"", ""1"", ""2"", 
""3"", ""4"", ""5"", ""6"", ""11"", ""21"", ""31"", ""41"", ""51"", ""61"", ""12"", ""22"", ""32"", ""42"", ""52"", ""62"", ""13"", ""23"", ""33"", ""43"", ""53"", ""63"", ""x1"", ""x2"", ""x3"", ""x4"", ""x5"", ""x6"", ""x7"", ""x8"", ""x9"", ""x10"", ""y1"", ""y2"", ""y3"", ""y4"", ""y5"", ""y6"", ""y7"", ""y8"", ""y9"", ""y10"", ""ErrorMessage30"", ""ErrorType30"", ""ErrorMessage31"", ""ErrorType31"", ""ErrorMessage32"", ""ErrorType32"", ""ErrorMessage33"", ""ErrorType33"", ""ErrorMessage34"", ""ErrorType34"", ""ErrorMessage35"", ""ErrorType35"", ""ErrorMessage36"", ""ErrorType36"", ""ErrorMessage37"", ""ErrorType37"", 
""ErrorMessage38"", ""ErrorType38"", ""ErrorMessage39"", ""ErrorType39"", ""14"", ""24"", ""34"", ""44"", ""54"", ""64"", ""15"", ""25"", ""35"", ""45"", ""55"", ""65"", ""16"", ""26"", ""36"", ""46"", ""56"", ""66"", ""17"", ""27"", ""37"", ""47"", ""57"", ""67"", ""ErrorMessage40"", ""ErrorType40"", ""18"", ""28"", ""38"", ""48"", ""58"", ""68"", ""ErrorMessage41"", ""ErrorType41"", ""ErrorMessage42"", ""ErrorType42"", ""19"", ""29"", ""39"", ""49"", ""59"", ""69"", ""110"", ""210"", ""310"", ""410"", ""510"", ""610"", ""111"", ""211"", ""311"", ""411"", ""511"", ""611"", ""112"", ""212"", ""312"", ""412"", ""512"", ""612"", 
""ErrorMessage43"", ""ErrorType43"", ""ErrorMessage44"", ""ErrorType44"", ""113"", ""213"", ""313"", ""413"", ""513"", ""613"", ""ErrorMessage45"", ""ErrorType45"", ""ErrorMessage46"", ""ErrorType46"", ""ErrorMessage47"", ""ErrorType47"", ""ErrorMessage48"", ""ErrorType48"", ""ErrorMessage49"", ""ErrorType49"", ""ErrorMessage50"", ""ErrorType50"", ""ErrorMessage51"", ""ErrorType51"", ""ErrorMessage52"", ""ErrorType52"", ""ErrorMessage53"", ""ErrorType53"", ""ErrorMessage54"", ""ErrorType54"", ""ErrorMessage55"", ""ErrorType55"", ""ErrorMessage56"", ""ErrorType56"", 
""ErrorMessage57"", ""ErrorType57"", ""ErrorMessage58"", ""ErrorType58"", ""ErrorMessage59"", ""ErrorType59"", ""ErrorMessage60"", ""ErrorType60"", ""ErrorMessage61"", ""ErrorType61"", ""ErrorMessage62"", ""ErrorType62"", ""ErrorMessage63"", ""ErrorType63"", ""ErrorMessage64"", ""ErrorType64"", ""ErrorMessage65"", ""ErrorType65"", ""ErrorMessage66"", ""ErrorType66"", ""ErrorMessage67"", ""ErrorType67"", ""ErrorMessage68"", ""ErrorType68"", ""ErrorMessage69"", ""ErrorType69"", ""ErrorMessage70"", ""ErrorType70"", ""ErrorMessage71"", ""ErrorType71"", ""ErrorMessage72"", 
""ErrorType72"", ""ErrorMessage73"", ""ErrorType73"", ""ErrorMessage74"", ""ErrorType74"", ""ErrorMessage75"", ""ErrorType75"", ""ErrorMessage76"", ""ErrorType76"", ""ErrorMessage77"", ""ErrorType77"", ""ErrorMessage78"", ""ErrorType78"", ""ErrorMessage79"", ""ErrorType79"", ""ErrorMessage80"", ""ErrorType80"", ""ErrorMessage81"", ""ErrorType81"", ""ErrorMessage82"", ""ErrorType82"", ""ErrorMessage83"", ""ErrorType83"", ""ErrorMessage84"", ""ErrorType84"", ""ErrorMessage85"", ""ErrorType85"", ""ErrorMessage86"", ""ErrorType86"", ""ErrorMessage87"", ""ErrorType87"", 
""ErrorMessage88"", ""ErrorType88"", ""ErrorMessage89"", ""ErrorType89"", ""ErrorMessage90"", ""ErrorType90"", ""ErrorMessage91"", ""ErrorType91"", ""ErrorMessage92"", ""ErrorType92"", ""ErrorMessage93"", ""ErrorType93"", ""ErrorMessage94"", ""ErrorType94"", ""ErrorMessage95"", ""ErrorType95"", ""114"", ""ErrorMessage96"", ""ErrorType96"", ""ErrorMessage97"", ""ErrorType97"", ""ErrorMessage98"", ""ErrorType98"", ""ErrorMessage99"", ""ErrorType99"", ""ErrorMessage100"", ""ErrorType100"", ""ErrorMessage101"", ""ErrorType101"", ""ErrorMessage102"", ""ErrorType102"", 
""ErrorMessage103"", ""ErrorType103"", ""ErrorMessage104"", ""ErrorType104"", ""ErrorMessage105"", ""ErrorType105"", ""-1"", ""0"", ""115"", ""-Inf"", ""NaN"", ""Inf"", ""1:10"", ""11:20"", ""116"", ""ErrorMessage106"", ""ErrorType106"", ""ErrorMessage107"", ""ErrorType107"", ""ErrorMessage108"", ""ErrorType108"", ""ErrorMessage109"", ""ErrorType109"", ""ErrorMessage110"", ""ErrorType110"", ""ErrorMessage111"", ""ErrorType111"", ""ErrorMessage112"", ""ErrorType112"", ""ErrorMessage113"", ""ErrorType113"", ""ErrorMessage114"", ""ErrorType114"", ""ErrorMessage115"", 
""ErrorType115"", ""ErrorMessage116"", ""ErrorType116"", ""ErrorMessage117"", ""ErrorType117"", ""ErrorMessage118"", ""ErrorType118"", ""ErrorMessage119"", ""ErrorType119"", ""ErrorMessage120"", ""ErrorType120"", ""ErrorMessage121"", ""ErrorType121"", ""ErrorMessage122"", ""ErrorType122"", ""ErrorMessage123"", ""ErrorType123"", ""ErrorMessage124"", ""ErrorType124"", ""ErrorMessage125"", ""ErrorType125"", ""ErrorMessage126"", ""ErrorType126"", ""ErrorMessage127"", ""ErrorType127"", ""ErrorMessage128"", ""ErrorType128"", ""ErrorMessage129"", ""ErrorType129"", 
""ErrorMessage130"", ""ErrorType130"", ""ErrorMessage131"", ""ErrorType131"", ""ErrorMessage132"", ""ErrorType132"", ""ErrorMessage133"", ""ErrorType133"", ""ErrorMessage134"", ""ErrorType134"", ""ErrorMessage135"", ""ErrorType135"", ""ErrorMessage136"", ""ErrorType136"", ""ErrorMessage137"", ""ErrorType137"", ""ErrorMessage138"", ""ErrorType138"", ""ErrorMessage139"", ""ErrorType139"", ""ErrorMessage140"", ""ErrorType140"", ""ErrorMessage141"", ""ErrorType141"", ""ErrorMessage142"", ""ErrorType142"", ""ErrorMessage143"", ""ErrorType143"", ""ErrorMessage144"", 
""ErrorType144"", ""ErrorMessage145"", ""ErrorType145"", ""ErrorMessage146"", ""ErrorType146"", ""ErrorMessage147"", ""ErrorType147"", ""ErrorMessage148"", ""ErrorType148"", ""ErrorMessage149"", ""ErrorType149"", ""ErrorMessage150"", ""ErrorType150"", ""ErrorMessage151"", ""ErrorType151"", ""ErrorMessage152"", ""ErrorType152"", ""ErrorMessage153"", ""ErrorType153"", ""ErrorMessage154"", ""ErrorType154"", ""ErrorMessage155"", ""ErrorType155"", ""ErrorMessage156"", ""ErrorType156"", ""ErrorMessage157"", ""ErrorType157"", ""ErrorMessage158"", ""ErrorType158"", 
""ErrorMessage159"", ""ErrorType159"", ""ErrorMessage160"", ""ErrorType160"", ""ErrorMessage161"", ""ErrorType161"", ""ErrorMessage162"", ""ErrorType162"", ""ErrorMessage163"", ""ErrorType163"", ""ErrorMessage164"", ""ErrorType164"", ""ErrorMessage165"", ""ErrorType165"", ""ErrorMessage166"", ""ErrorType166"", ""ErrorMessage167"", ""ErrorType167"", ""ErrorMessage168"", ""ErrorType168"", ""ErrorMessage169"", ""ErrorType169"", ""ErrorMessage170"", ""ErrorType170"", ""ErrorMessage171"", ""ErrorType171"", ""ErrorMessage172"", ""ErrorType172"", ""ErrorMessage173"", 
""ErrorType173"", ""ErrorMessage174"", ""ErrorType174"", ""ErrorMessage175"", ""ErrorType175"", ""ErrorMessage176"", ""ErrorType176"", ""ErrorMessage177"", ""ErrorType177"", ""ErrorMessage178"", ""ErrorType178"", ""ErrorMessage179"", ""ErrorType179"", ""ErrorMessage180"", ""ErrorType180"", ""ErrorMessage181"", ""ErrorType181"", ""ErrorMessage182"", ""ErrorType182"", ""ErrorMessage183"", ""ErrorType183"", ""ErrorMessage184"", ""ErrorType184"", ""ErrorMessage185"", ""ErrorType185"", ""ErrorMessage186"", ""ErrorType186"", ""ErrorMessage187"", ""ErrorType187"", 
""ErrorMessage188"", ""ErrorType188"", ""ErrorMessage189"", ""ErrorType189"", ""ErrorMessage190"", ""ErrorType190"", ""ErrorMessage191"", ""ErrorType191"", ""ErrorMessage192"", ""ErrorType192"", ""ErrorMessage193"", ""ErrorType193"", ""ErrorMessage194"", ""ErrorType194"", ""ErrorMessage195"", ""ErrorType195"", ""ErrorMessage196"", ""ErrorType196"", ""ErrorMessage197"", ""ErrorType197"", ""ErrorMessage198"", ""ErrorType198"", ""ErrorMessage199"", ""ErrorType199"", ""ErrorMessage200"", ""ErrorType200"", ""ErrorMessage201"", ""ErrorType201"", ""ErrorMessage202"", 
""ErrorType202"", ""ErrorMessage203"", ""ErrorType203"", ""ErrorMessage204"", ""ErrorType204"", ""ErrorMessage205"", ""ErrorType205"", ""ErrorMessage206"", ""ErrorType206"", ""ErrorMessage207"", ""ErrorType207"", ""ErrorMessage208"", ""ErrorType208"", ""ErrorMessage209"", ""ErrorType209"", ""ErrorMessage210"", ""ErrorType210"", ""ErrorMessage211"", ""ErrorType211"", ""ErrorMessage212"", ""ErrorType212"", ""ErrorMessage213"", ""ErrorType213"", ""ErrorMessage214"", ""ErrorType214"", ""ErrorMessage215"", ""ErrorType215"", ""ErrorMessage216"", ""ErrorType216"", 
""ErrorMessage217"", ""ErrorType217"", ""ErrorMessage218"","
"75","ErrorMessage209"," TRUE/FALSE が必要なところが欠損値です "
"76","ErrorMessage217"," 引数の型が不正です "
"77","ErrorMessage221"," 'x' は ""octmode"" クラスに強制変換できません "
"78","ErrorMessage223"," 使われていない引数 (alist(all = , path = )) "
"79","ErrorMessage224"," 引数 ""names"" がありませんし、省略時既定値もありません "
"80","ErrorMessage227"," 引数 ""command"" がありませんし、省略時既定値もありません "
"81","ErrorMessage228"," 空でない文字引数が期待されています "
"82","ErrorMessage229"," 'intern' は TRUE か FALSE でなければなりません "
"83","ErrorMessage234"," 引数 'show.output.on.console', 'minimized' そして 'invisible' は Windows 専用です 
"
"84","ErrorType234","message"
"85","ErrorMessage260"," 使われていない引数 (value = x) "
"86","ErrorMessage262"," 引数 ""con"" がありませんし、省略時既定値もありません "
"87","ErrorMessage263","'con' is not a textConnection"
"88","ErrorMessage270","'length(x) = 6 > 1' in coercion to 'logical(1)'"
"89","ErrorMessage271","'length(x) = 5460 > 1' in coercion to 'logical(1)'"
"90","ErrorMessage273"," 引数 ""what"" がありませんし、省略時既定値もありません "
"91","ErrorMessage274"," 関数 ‘-1’ が見付かりません "
"92","ErrorMessage280","NAs introduced by coercion to integer range"
"93","ErrorMessage285"," 検索リストに ""df"" という項目はありません "
"94","ErrorMessage297"," length(max.lines) <= 1 は TRUE ではありません "
"95","ErrorMessage299"," 引数 1 が空です "
"96","ErrorMessage300"," 'tracingState' の値は TRUE または FALSE でなければなりません "
"97","ErrorMessage303"," 引数 ""_data"" がありませんし、省略時既定値もありません "
"98","ErrorMessage306"," 数値の 'envir' 引数の長さが 1 ではありません "
"99","ErrorMessage307"," 'envir' 引数 (型 'character') が不正です "
"100","ErrorMessage311","non-numeric-alike variable(s) in data frame: rowname, ."
"101","ErrorMessage312"," 数学関数に数値でない引数が渡されました "
"102","ErrorMessage315"," 'arg' は、NULL かひとつの文字ベクトルでなければなりません "
"103","ErrorMessage320","'arg' should be one of “both”, “left”, “right”"
"104","ErrorMessage330","'arg' should be one of “secs”, “mins”, “hours”, “days”, “months”, “years”"
"105","ErrorMessage341"," 'truncate' をクラス ""name"" のオブジェクトに適用できるようなメソッドがありません "
"106","ErrorMessage343"," 'truncate' をクラス ""c('double', 'numeric')"" のオブジェクトに適用できるようなメソッドがありません "
"107","ErrorMessage345"," 'truncate' をクラス ""data.frame"" のオブジェクトに適用できるようなメソッドがありません "
"108","ErrorMessage347"," 'truncate' をクラス ""character"" のオブジェクトに適用できるようなメソッドがありません "
"109","ErrorMessage350"," コネクションが不正です "
"110","ErrorMessage356"," 引数 ""r"" がありませんし、省略時既定値もありません "
"111","ErrorMessage361"," 引数 ""fun"" がありませんし、省略時既定値もありません "
"112","ErrorMessage363"," 引数は関数でなければなりません "
"113","ErrorMessage364"," 一番目の引数が不正です "
"114","ErrorMessage368"," ‘df’ に対する総称的関数は見付かりません "
"115","ErrorMessage370"," 引数 ""y"" がありませんし、省略時既定値もありません "
"116","ErrorMessage371","[38;5;255m`x` and `y` are not compatible.
`y` must be a data frame.[39m"
"117","ErrorMessage374","'list' object cannot be coerced to type 'double'"
"118","ErrorMessage376"," 引数 'incomparables != FALSE' は (まだ) 使用されていません "
"119","ErrorMessage379","MARGIN = 1 is invalid for dim = "
"120","ErrorMessage393"," 次元数が正しくありません "
"121","ErrorMessage404"," 'nmax' は正でなければなりません "
"122","ErrorMessage406"," 'fromLast' は TRUE か FALSE でなければなりません "
"123","ErrorMessage441"," 'units' をクラス ""name"" のオブジェクトに適用できるようなメソッドがありません "
"124","ErrorMessage442"," 'units' をクラス ""c('double', 'numeric')"" のオブジェクトに適用できるようなメソッドがありません "
"125","ErrorMessage443"," 'units' をクラス ""data.frame"" のオブジェクトに適用できるようなメソッドがありません "
"126","ErrorMessage444"," 'units' をクラス ""character"" のオブジェクトに適用できるようなメソッドがありません "
"127","ErrorMessage446"," 'units<-' をクラス ""name"" のオブジェクトに適用できるようなメソッドがありません "
"128","ErrorMessage447"," 'units<-' をクラス ""NULL"" のオブジェクトに適用できるようなメソッドがありません "
"129","ErrorMessage448"," 'units<-' をクラス ""c('double', 'numeric')"" のオブジェクトに適用できるようなメソッドがありません "
"130","ErrorMessage449"," 'units<-' をクラス ""data.frame"" のオブジェクトに適用できるようなメソッドがありません "
"131","ErrorMessage450"," 'units<-' をクラス ""character"" のオブジェクトに適用できるようなメソッドがありません "
"132","ErrorMessage458"," 使われていない引数 (alist(xx = , units = , cl = )) "
"133","ErrorMessage459"," 使われていない引数 (alist(xx = x, units = , cl = )) "
"134","ErrorMessage460"," 使われていない引数 (alist(xx = x, units = x, cl = )) "
"135","ErrorMessage461"," 使われていない引数 (xx = x, units = x, cl = x) "
"136","ErrorMessage462"," 使われていない引数 (xx = x, units = x, cl = df) "
"137","ErrorMessage463"," 使われていない引数 (xx = x, units = x, cl = ""df"") "
"138","ErrorMessage464"," 使われていない引数 (xx = x, units = df, cl = ""df"") "
"139","ErrorMessage465"," 使われていない引数 (xx = x, units = ""df"", cl = ""df"") "
"140","ErrorMessage466"," 使われていない引数 (xx = df, units = ""df"", cl = ""df"") "
"141","ErrorMessage467"," 使われていない引数 (xx = ""df"", units = ""df"", cl = ""df"") "
"142","ErrorMessage468"," 'unix.time' は廃止されました。 
 'system.time' を代わりに使って下さい 
 help(""Defunct"") を見て下さい "
"143","ErrorMessage474"," 'expand' 引数が不正です "
"144","ErrorMessage476"," 'force' 引数が不正です "
"145","ErrorMessage478"," 'recursive' 引数が不正です "
"146","ErrorMessage483"," 使われていない引数 (alist(text = )) "
"147","ErrorMessage484"," 引数 ""description"" がありませんし、省略時既定値もありません "
"148","ErrorMessage485"," 'description' 引数が不正です "
"149","ErrorMessage494","'arg' should be one of “default”, “internal”, “libcurl”, “wininet”"
"150","ErrorMessage503"," 'generic' 引数が必要です "
"151","ErrorMessage504"," 'generic' 引数は文字列でなくてはなりません "
"152","ErrorMessage509"," 'df' をクラス ""character"" のオブジェクトに適用できるようなメソッドがありません "
"153","ErrorMessage511"," 引数は長さ 1 の文字ベクトルでなくてはなりません "
"154","ErrorMessage514"," 'x' 引数が不正です "
"155","ErrorMessage520"," 引数 ""FUN"" がありませんし、省略時既定値もありません "
"156","ErrorMessage542"," 'mode' 引数が不正です "
"157","ErrorMessage543"," 'length' 引数が不正です "
"158","ErrorMessage548"," 使われていない引数 (alist(f = )) "
"159","ErrorMessage549"," 使われていない引数 (f = x) "
"160","ErrorMessage558"," 使われていない引数 (f = df) "
"161","ErrorMessage559"," 使われていない引数 (f = ""df"") "
"162","ErrorMessage560"," 関数 ""version"" を見つけることができませんでした "
"163","ErrorMessage575"," 引数 ""message"" がありませんし、省略時既定値もありません "
"164","ErrorMessage577"," 不正な 'class' 属性を設定しようとしました "
"165","ErrorMessage579"," 'weekdays' をクラス ""name"" のオブジェクトに適用できるようなメソッドがありません "
"166","ErrorMessage580"," 'weekdays' をクラス ""c('double', 'numeric')"" のオブジェクトに適用できるようなメソッドがありません "
"167","ErrorMessage584"," 'weekdays' をクラス ""data.frame"" のオブジェクトに適用できるようなメソッドがありません "
"168","ErrorMessage585"," 'weekdays' をクラス ""character"" のオブジェクトに適用できるようなメソッドがありません "
"169","ErrorMessage587"," 'trim' 引数が不正です "
"170","ErrorMessage589","'list' object cannot be coerced to type 'logical'"
"171","ErrorMessage601"," 'which' へ渡す引数が論理型ではありません "
"172","ErrorMessage618","<text>:1:12:  予想外の '=' です 
1: while(test =
               ^"
"173","ErrorMessage619","<text>:1:7:  予想外の ')' です 
1: while()
          ^"
"174","ErrorMessage620","<text>:2:0:  想定外の入力の終端です 
1: while(x)
   ^"
"175","ErrorMessage621","<text>:2:0:  想定外の入力の終端です 
1: while(df)
   ^"
"176","ErrorMessage622","<text>:2:0:  想定外の入力の終端です 
1: while(""df"")
   ^"
"177","ErrorMessage630"," 引数 ""data"" がありませんし、省略時既定値もありません "
"178","ErrorMessage643"," 引数 ""exprs"" がありませんし、省略時既定値もありません "
"179","ErrorMessage673"," 'within' をクラス ""name"" のオブジェクトに適用できるようなメソッドがありません "
"180","ErrorMessage674"," 'within' をクラス ""c('double', 'numeric')"" のオブジェクトに適用できるようなメソッドがありません "
"181","ErrorMessage678"," 'within' をクラス ""character"" のオブジェクトに適用できるようなメソッドがありません "
"182","ErrorMessage699"," 使われていない引数 (alist(expr = )) "
"183","ErrorMessage701"," 使われていない引数 (alist(df = )) "
"184","ErrorMessage705"," 'times' の値が不正です "
"185","ErrorMessage725","invalid 'endian' argument"
"186","ErrorMessage736"," 文字オブジェクトしか書き込めません "
"187","ErrorMessage752"," 引数 ""text"" がありませんし、省略時既定値もありません "
"188","ErrorMessage763"," 'useBytes' 引数が不正です "
"189","ErrorMessage766"," 演算が可能なのは数値、論理値、そして複素数型のみです "
"190","ErrorMessage772"," 引数 ""old.rows"" がありませんし、省略時既定値もありません "
"191","ErrorMessage773"," 引数 ""new.rows"" がありませんし、省略時既定値もありません "
"192","ErrorMessage774"," 置き換えられる個数よりも多くの要素が与えられました "
"193","ErrorMessage781","cannot xtfrm data frames"
"194","ErrorMessage798","'list' object cannot be coerced to type 'integer'"
"195","ErrorMessage801"," 間違ったクラスです "
"196","ErrorMessage825"," 二項演算子の引数が数値ではありません "
"197","ErrorMessage829"," a=, b= 指定が不正です "
"198","ErrorMessage830"," 'a' は 'reg' により無効にされます "
"199","ErrorMessage846"," 'x1' と 'y1' のどちらかは必要です "
"200","ErrorMessage849","zero-length arrow is of indeterminate angle and so skipped"
"201","ErrorMessage851","'length', 'angle', or 'code' greater than length 1; values after the first are ignored"
"202","ErrorMessage868"," 三番目の引数が不正です "
"203","ErrorMessage869"," 二番目の引数が不正です "
"204","ErrorMessage874"," 'x' は二元分割表でなければなりません "
"205","ErrorMessage890"," 'x' の全ての項目は非負で有限な値でなければなりません "
"206","ErrorMessage893"," 引数 ""side"" がありませんし、省略時既定値もありません "
"207","ErrorMessage894"," 軸の番号 -1 が不正です "
"208","ErrorMessage911"," 軸の番号 -2147483648 が不正です "
"209","ErrorMessage940"," 'if (has.at) at else x' からクラス “Date” へ変換は定義されていません "
"210","ErrorMessage957"," 'if (has.at) at else x' からクラス “POSIXct” へ変換は定義されていません "
"211","ErrorMessage979"," 引数 ""height"" がありませんし、省略時既定値もありません "
"212","ErrorMessage980"," 有限な 'ylim' の値が必要です "
"213","ErrorMessage981"," 'height' はベクトルか行列でなければなりません "
"214","ErrorMessage986"," 有限な 'xlim' の値が必要です "
"215","ErrorMessage999"," 外れ値 (-Inf, Inf) は描かれません 箱型図 1 中では "
"216","ErrorMessage1014"," 'names' 属性 [6] はベクトル [1] の長さと同じでなければなりません "
